show databases;
create database zcompany;
use zcompany;

show tables;

CREATE TABLE Employee (
    EmployeeID int PRIMARY KEY,
    Name varchar(50),
    Department varchar(50),
    Designation varchar(50),
    Salary float,
    JoinDate date
);


INSERT INTO Employee (EmployeeID, Name, Department, Designation, Salary, JoinDate)
VALUES
    (1, 'Alice Johnson', 'Production', 'Manager', 95000, '2019-01-15'),
    (2, 'Mason Green', 'Production', 'Ass. Manager', 75000, '2018-05-10'),
    (3, 'David Wilson', 'Production', 'Engineer', 85000, '2019-03-20'),
    (4, 'Eve Davis', 'Production', 'Analyst', 60000, '2021-06-05'),
    (5, 'Frank Miller', 'Production', 'Technician', 68000, '2020-07-15'),
    (6, 'Laura Hunt', 'Marketing', 'Manager', 95000, '2020-02-01'),
    (7, 'Grace Lee', 'Marketing', 'Ass. Manager', 75000, '2019-04-10'),
    (8, 'Henry Thomas', 'Marketing', 'Developer', 95000, '2018-08-12'),
    (9, 'Sophia Martinez', 'Distribution', 'Manager', 90000, '2019-05-19'),
    (10, 'Kevin Brown', 'Distribution', 'Ass. Manager', 70000, '2020-10-25'),
    (11, 'Emily King', 'Distribution', 'Logistics Specialist', 62000, '2021-02-15'),
    (12, 'James Lee', 'Production', 'Quality Control Inspector', 70000, '2019-10-10'),
    (13, 'Natalie Adams', 'Production', 'Production Coordinator', 72000, '2020-05-18'),
    (14, 'Lucas Taylor', 'Marketing', 'Brand Strategist', 80000, '2019-08-25'),
    (15, 'Olivia Harris', 'Marketing', 'Campaign Manager', 85000, '2018-11-30'),
    (16, 'Michael Roberts', 'Customer Support', 'Technical Support Specialist', 65000, '2020-01-20'),
    (17, 'Sophia Evans', 'Customer Support', 'Customer Service Representative', 58000, '2021-03-10'),
    (18, 'Benjamin Allen', 'Customer Support', 'Customer Service Manager', 75000, '2018-04-05'),
    (19, 'Victoria Clark', 'HR', 'HR Manager', 90000, '2019-07-22'),
    (20, 'Daniel Scott', 'HR', 'Recruitment Specialist', 70000, '2020-09-16'),
    (21, 'Chloe Baker', 'HR', 'Training Coordinator', 65000, '2021-01-07'),
    (22, 'Liam King', 'Finance', 'Finance Manager', 95000, '2019-03-02'),
    (23, 'Mia Wright', 'Finance', 'Accountant', 70000, '2020-06-25'),
    (24, 'Noah Hill', 'Finance', 'Financial Analyst', 72000, '2021-08-19'),
    (25, 'Emma Green', 'IT', 'IT Manager', 95000, '2018-12-14'),
    (26, 'Ava Mitchell', 'IT', 'Software Developer', 80000, '2019-05-11'),
    (27, 'William Hall', 'IT', 'System Administrator', 75000, '2020-03-29'),
    (28, 'Olivia Lewis', 'R&D', 'Research Scientist', 92000, '2019-09-21'),
    (29, 'Isabella Young', 'R&D', 'Product Developer', 85000, '2020-11-13'),
    (30, 'Ethan Wright', 'R&D', 'Lab Technician', 70000, '2021-07-04'),
    (31, 'Liam Allen', 'Operations', 'Operations Manager', 94000, '2019-04-20'),
    (32, 'Sophia Thomas', 'Operations', 'Operations Coordinator', 68000, '2020-02-18'),
    (33, 'James White', 'Operations', 'Supply Chain Manager', 85000, '2021-10-15'),
    (34, 'Emily Garcia', 'Legal', 'Legal Counsel', 100000, '2018-07-03'),
    (35, 'Alexander Harris', 'Legal', 'Paralegal', 70000, '2019-11-09'),
    (36, 'Charlotte Johnson', 'Legal', 'Compliance Officer', 90000, '2020-08-28'),
    (37, 'Amelia Clark', 'Sales', 'Sales Manager', 95000, '2019-05-06'),
    (38, 'Mason Hill', 'Sales', 'Sales Representative', 70000, '2020-04-24'),
    (39, 'Lucas Martinez', 'Sales', 'Account Executive', 80000, '2021-09-12'),
    (40, 'Grace Lee', 'Sales', 'Sales Analyst', 75000, '2018-06-15'),
    (41, 'Ella Young', 'Admin', 'Administrative Assistant', 55000, '2019-01-09'),
    (42, 'Lily Lewis', 'Admin', 'Office Manager', 65000, '2020-02-22'),
    (43, 'Aiden Robinson', 'Admin', 'Receptionist', 50000, '2021-03-17'),
    (44, 'Olivia Walker', 'Marketing', 'Content Strategist', 75000, '2018-12-30'),
    (45, 'Isabella Carter', 'Marketing', 'SEO Specialist', 72000, '2019-06-25'),
    (46, 'Lucas Allen', 'Production', 'Machinist', 65000, '2020-09-11'),
    (47, 'Ethan Scott', 'Production', 'Assembly Line Worker', 58000, '2021-08-06'),
    (48, 'Victoria Roberts', 'Production', 'Warehouse Worker', 60000, '2019-04-15'),
    (49, 'Daniel Davis', 'Production', 'Quality Assurance', 69000, '2020-05-08'),
    (50, 'Amelia Mitchell', 'Production', 'Safety Officer', 74000, '2018-10-29');

CREATE TABLE Performance (
    PerformanceID int PRIMARY KEY,
    EmployeeID int,
    ReviewDate date,
    Score int,
    Comments varchar(255),
    FOREIGN KEY (EmployeeID) REFERENCES Employee(EmployeeID)
);


INSERT INTO Performance (PerformanceID, EmployeeID, ReviewDate, Score, Comments)
VALUES
    (1, 1, '2023-01-15', 90, 'Excellent performance.'),
    (2, 2, '2023-01-15', 80, 'Good performance.'),
    (3, 3, '2023-01-15', 85, 'Very good performance.'),
    (4, 4, '2023-01-15', 70, 'Satisfactory performance.'),
    (5, 5, '2023-01-15', 75, 'Needs improvement.'),
    (6, 6, '2023-01-15', 92, 'Outstanding performance.'),
    (7, 7, '2023-01-15', 81, 'Good performance.'),
    (8, 8, '2023-01-15', 88, 'Very good performance.'),
    (9, 9, '2023-01-15', 65, 'Below average performance.'),
    (10, 10, '2023-01-15', 77, 'Satisfactory performance.'),
    (11, 11, '2023-01-15', 79, 'Satisfactory performance.'),
    (12, 12, '2023-01-15', 85, 'Very good performance.'),
    (13, 13, '2023-01-15', 90, 'Excellent performance.'),
    (14, 14, '2023-01-15', 76, 'Needs improvement.'),
    (15, 15, '2023-01-15', 84, 'Good performance.'),
    (16, 16, '2023-01-15', 70, 'Satisfactory performance.'),
    (17, 17, '2023-01-15', 75, 'Needs improvement.'),
    (18, 18, '2023-01-15', 89, 'Very good performance.'),
    (19, 19, '2023-01-15', 91, 'Outstanding performance.'),
    (20, 20, '2023-01-15', 78, 'Satisfactory performance.'),
    (21, 21, '2023-01-15', 72, 'Needs improvement.'),
    (22, 22, '2023-01-15', 95, 'Exceptional performance.'),
    (23, 23, '2023-01-15', 77, 'Satisfactory performance.'),
    (24, 24, '2023-01-15', 80, 'Good performance.'),
    (25, 25, '2023-01-15', 87, 'Very good performance.'),
    (26, 26, '2023-01-15', 89, 'Very good performance.'),
    (27, 27, '2023-01-15', 74, 'Needs improvement.'),
    (28, 28, '2023-01-15', 83, 'Good performance.'),
    (29, 29, '2023-01-15', 78, 'Satisfactory performance.'),
    (30, 30, '2023-01-15', 70, 'Satisfactory performance.'),
    (31, 31, '2023-01-15', 85, 'Very good performance.'),
    (32, 32, '2023-01-15', 72, 'Needs improvement.'),
    (33, 33, '2023-01-15', 88, 'Very good performance.'),
    (34, 34, '2023-01-15', 92, 'Outstanding performance.'),
    (35, 35, '2023-01-15', 81, 'Good performance.'),
    (36, 36, '2023-01-15', 79, 'Satisfactory performance.'),
    (37, 37, '2023-01-15', 95, 'Exceptional performance.'),
    (38, 38, '2023-01-15', 77, 'Satisfactory performance.'),
    (39, 39, '2023-01-15', 82, 'Good performance.'),
    (40, 40, '2023-01-15', 84, 'Good performance.'),
    (41, 41, '2023-01-15', 73, 'Needs improvement.'),
    (42, 42, '2023-01-15', 76, 'Needs improvement.'),
    (43, 43, '2023-01-15', 85, 'Very good performance.'),
    (44, 44, '2023-01-15', 90, 'Excellent performance.'),
    (45, 45, '2023-01-15', 70, 'Satisfactory performance.'),
    (46, 46, '2023-01-15', 75, 'Needs improvement.'),
    (47, 47, '2023-01-15', 87, 'Very good performance.'),
    (48, 48, '2023-01-15', 77, 'Satisfactory performance.'),
    (49, 49, '2023-01-15', 82, 'Good performance.'),
    (50, 50, '2023-01-15', 91, 'Outstanding performance.')
;

CREATE TABLE Recruitment ( RecruitmentID int PRIMARY KEY, EmployeeID int, RecruiterName varchar(50), RecruitmentDate date, Method varchar(50), Status varchar(20), FOREIGN KEY (EmployeeID) REFERENCES Employee(EmployeeID) );

INSERT INTO Recruitment (RecruitmentID, EmployeeID, RecruiterName, RecruitmentDate, Method, Status)
VALUES
    (1, 1, 'John Smith', '2018-12-01', 'Online', 'Hired'),
    (2, 2, 'Jane Doe', '2018-04-15', 'Referral', 'Hired'),
    (3, 3, 'Michael Johnson', '2019-02-10', 'Agency', 'Hired'),
    (4, 4, 'Nancy Allen', '2021-05-20', 'Online', 'Hired'),
    (5, 5, 'Robert Brown', '2020-06-25', 'Referral', 'Hired'),
    (6, 6, 'Laura Scott', '2019-12-01', 'Online', 'Hired'),
    (7, 7, 'Emily Stone', '2019-03-15', 'Referral', 'Hired'),
    (8, 8, 'David Lee', '2018-07-20', 'Agency', 'Hired'),
    (9, 9, 'Daniel Clark', '2019-04-10', 'Online', 'Hired'),
    (10, 10, 'Megan Green', '2020-10-15', 'Referral', 'Hired'),
    (11, 11, 'Paul Harris', '2021-11-01', 'Online', 'Hired'),
    (12, 12, 'Lisa Adams', '2019-08-17', 'Agency', 'Hired'),
    (13, 13, 'Thomas Walker', '2020-03-03', 'Referral', 'Hired'),
    (14, 14, 'Karen White', '2018-09-22', 'Online', 'Hired'),
    (15, 15, 'Brian King', '2021-01-20', 'Agency', 'Hired'),
    (16, 16, 'Sara Hall', '2019-05-18', 'Referral', 'Hired'),
    (17, 17, 'Evan Lewis', '2020-07-10', 'Online', 'Hired'),
    (18, 18, 'Megan Young', '2018-11-05', 'Referral', 'Hired'),
    (19, 19, 'Joshua Scott', '2019-02-14', 'Agency', 'Hired'),
    (20, 20, 'Natalie Green', '2020-04-08', 'Online', 'Hired'),
    (21, 21, 'David Evans', '2018-06-19', 'Referral', 'Hired'),
    (22, 22, 'Laura Walker', '2021-09-23', 'Online', 'Hired'),
    (23, 23, 'James Clark', '2019-03-26', 'Referral', 'Hired'),
    (24, 24, 'Linda Hall', '2020-05-30', 'Online', 'Hired'),
    (25, 25, 'Kevin Adams', '2018-12-12', 'Agency', 'Hired'),
    (26, 26, 'Victoria Johnson', '2019-07-05', 'Referral', 'Hired'),
    (27, 27, 'Sophia Martinez', '2020-09-18', 'Online', 'Hired'),
    (28, 28, 'Benjamin Wright', '2021-03-14', 'Agency', 'Hired'),
    (29, 29, 'Mia Brown', '2018-08-27', 'Referral', 'Hired'),
    (30, 30, 'Liam Roberts', '2019-04-21', 'Online', 'Hired'),
    (31, 31, 'Emily Lee', '2020-06-13', 'Agency', 'Hired'),
    (32, 32, 'Chloe Davis', '2018-10-04', 'Referral', 'Hired'),
    (33, 33, 'Oliver Scott', '2019-11-11', 'Online', 'Hired'),
    (34, 34, 'Ava King', '2020-01-29', 'Referral', 'Hired'),
    (35, 35, 'Ethan Wright', '2018-03-15', 'Agency', 'Hired'),
    (36, 36, 'Isabella Taylor', '2019-09-25', 'Online', 'Hired'),
    (37, 37, 'Jack Lewis', '2020-11-06', 'Referral', 'Hired'),
    (38, 38, 'Madison Young', '2018-05-30', 'Agency', 'Hired'),
    (39, 39, 'Daniel Anderson', '2019-10-16', 'Online', 'Hired'),
    (40, 40, 'Lily Harris', '2020-02-24', 'Referral', 'Hired'),
    (41, 41, 'Andrew Robinson', '2021-04-09', 'Online', 'Hired'),
    (42, 42, 'Olivia Lee', '2018-07-18', 'Referral', 'Hired'),
    (43, 43, 'Grace Lewis', '2019-12-31', 'Agency', 'Hired'),
    (44, 44, 'Samuel Clark', '2020-03-27', 'Online', 'Hired'),
    (45, 45, 'Charlotte Wilson', '2021-08-14', 'Referral', 'Hired'),
    (46, 46, 'Daniel Scott', '2018-09-05', 'Online', 'Hired'),
	(47, 47, 'Benjamin Collins', '2018-02-12', 'Referral', 'Hired'),
    (48, 48, 'Ella Wood', '2019-10-09', 'Online', 'Hired'),
    (49, 49, 'Nathan Campbell', '2020-05-14', 'Agency', 'Hired'),
    (50, 50, 'Zoe Allen', '2021-12-19', 'Referral', 'Hired');

CREATE TABLE Training (
    TrainingID int PRIMARY KEY,
    EmployeeID int,
    TrainingName varchar(50),
    TrainingDate date,
    Duration int, 
    FOREIGN KEY (EmployeeID) REFERENCES Employee(EmployeeID)
);

INSERT INTO Training (TrainingID, EmployeeID, TrainingName, TrainingDate, Duration)
VALUES
    (1, 1, 'Leadership Training', '2022-05-20', 16),
    (2, 3, 'Technical Skills', '2022-06-10', 24),
    (3, 2, 'Management Skills', '2022-07-15', 20),
    (4, 4, 'Analytical Thinking', '2022-08-05', 12),
    (5, 5, 'Technical Workshop', '2022-09-15', 18),
    (6, 6, 'Marketing Strategies', '2022-10-10', 22),
    (7, 7, 'Team Building', '2022-11-01', 14),
    (8, 8, 'Advanced Development', '2022-12-15', 30),
    (9, 9, 'Logistics Management', '2022-11-20', 16),
    (10, 10, 'Customer Support', '2022-12-05', 10),
    (11, 11, 'Operational Efficiency', '2022-06-20', 20),
    (12, 12, 'Quality Control Techniques', '2022-07-15', 18),
    (13, 13, 'Production Optimization', '2022-08-10', 24),
    (14, 14, 'Brand Building', '2022-09-05', 22),
    (15, 15, 'Market Analysis', '2022-10-15', 16),
    (16, 16, 'Technical Innovations', '2022-11-05', 20),
    (17, 17, 'Customer Engagement', '2022-12-01', 14),
    (18, 18, 'HR Compliance', '2022-01-10', 18),
    (19, 19, 'Recruitment Strategies', '2022-02-15', 22),
    (20, 20, 'Finance Management', '2022-03-20', 24),
    (21, 21, 'Employee Development', '2022-04-25', 20),
    (22, 22, 'Supply Chain Efficiency', '2022-05-30', 16),
    (23, 23, 'Legal Compliance', '2022-06-25', 18),
    (24, 24, 'Contract Negotiation', '2022-07-30', 20),
    (25, 25, 'Sales Techniques', '2022-08-05', 22),
    (26, 26, 'Market Trends', '2022-09-10', 16),
    (27, 27, 'IT Security', '2022-10-20', 24),
    (28, 28, 'Software Development', '2022-11-25', 30),
    (29, 29, 'Product Development', '2022-12-10', 20),
    (30, 30, 'Research Methods', '2022-01-15', 18),
    (31, 31, 'Operations Management', '2022-02-20', 22),
    (32, 32, 'Supply Chain Logistics', '2022-03-25', 20),
    (33, 33, 'Legal Drafting', '2022-04-30', 18),
    (34, 34, 'Compliance Audits', '2022-05-05', 16),
    (35, 35, 'Advanced Sales', '2022-06-10', 24),
    (36, 36, 'Administrative Efficiency', '2022-07-15', 14),
    (37, 37, 'Content Creation', '2022-08-20', 16),
    (38, 38, 'SEO Techniques', '2022-09-25', 22),
    (39, 39, 'Machinery Operations', '2022-10-30', 20),
    (40, 40, 'Safety Procedures', '2022-11-05', 18),
    (41, 41, 'Warehouse Management', '2022-12-10', 16),
    (42, 42, 'Quality Assurance', '2022-01-15', 18),
    (43, 43, 'Production Safety', '2022-02-20', 14),
    (44, 44, 'Employee Wellness', '2022-03-25', 16),
    (45, 45, 'Conflict Resolution', '2022-04-30', 20),
    (46, 46, 'Strategic Planning', '2022-05-05', 22),
    (47, 47, 'Team Leadership', '2022-06-10', 18),
    (48, 48, 'Customer Relations', '2022-07-15', 16),
    (49, 49, 'Data Analysis', '2022-08-20', 24),
    (50, 50, 'Software Updates', '2022-09-25', 30);
    
    
CREATE TABLE Turnover ( TurnoverID int PRIMARY KEY, EmployeeID int, DepartureDate date, Reason varchar(255), FOREIGN KEY (EmployeeID) REFERENCES Employee(EmployeeID) );
INSERT INTO Turnover (TurnoverID, EmployeeID, DepartureDate, Reason) VALUES (1, 4, '2023-01-01', 'Personal Reasons'), (2, 5, '2023-02-01', 'Career Advancement'), (3, 9, '2023-03-01', 'Relocation'), (4, 13, '2023-04-01', 'Retirement'), (5, 15, '2023-05-01', 'Personal Reasons'), (6, 20, '2023-06-01', 'Career Change'), (7, 22, '2023-07-01', 'Better Opportunity'), (8, 25, '2023-08-01', 'Relocation'), (9, 30, '2023-09-01', 'Personal Reasons'), (10, 35, '2023-10-01', 'Retirement'), (11, 38, '2023-11-01', 'Career Advancement'), (12, 40, '2023-12-01', 'Personal Reasons'), (13, 42, '2023-01-01', 'Career Change'), (14, 44, '2023-02-01', 'Better Opportunity'), (15, 46, '2023-03-01', 'Relocation'), (16, 47, '2023-04-01', 'Personal Reasons'), (17, 48, '2023-05-01', 'Retirement'), (18, 49, '2023-06-01', 'Career Advancement'), (19, 50, '2023-07-01', 'Personal Reasons');

show tables;

select * from turnover;